'','',''
,,
0.48982899454465556,0.3479314095610709,0.5273970340623121
***,***,***
0.5025339642721991,0.35680256243694913,0.538156593756589
***,***,***
0.5025339642721991,0.35680256243694913,0.538045763684341
0.5067520804427397,0.360255870963698,0.5491044187332649
0.5371596517091305,0.3817705758072874,0.5792247424021876
0.5675672229755213,0.40328528065087665,0.6103850864316024
0.5789173396505964,0.41149325618064864,0.6255660714227446
0.5902674563256717,0.41970123171042073,0.6417628749665842
0.45709877885345523,0.3275830846367851,0.4963349118961473
0.23925379588176382,0.17647070824934563,0.3384772617414899
0.23174494355458874,0.1717444830034009,0.345133823455292
0.17368909718735,0.1331258884651001,0.32292164768604464
0.15221131748253364,0.1199836952890306,0.3133928241825074
0.08545185970628734,0.07341773208895715,0.25986394397360757
0.07991679726933718,0.06845480370221176,0.2505410628212168
0.07100508876779144,0.05992490240299166,0.23477299373744734
0.04905338909570215,0.04142123659821334,0.2166876941346097
0.0199822330663847,0.01691472502525984,0.2028328474340261
0.02280567844979337,0.01613602863269219,0.20057126328056143
0.00506792854439853,0.00358578414059826,0.20002821053237416
0.00760189281659779,0.0053786762108974,0.20006347369784078
0.00506792854439853,0.00358578414059826,0.20002821053237416
0.00760189281659779,0.0053786762108974,0.20006347369784078
0.02533964272199263,0.01792892070299133,0.20070526330933552
0.01266982136099632,0.00896446035149566,0.2001763158273348
0.00253396427219926,0.00179289207029913,0.20000706221055692
0.00253396427219926,0.00179289207029913,0.2000070526330935
0.00253396427219926,0.00179289207029913,0.2000070526330935
0.00253396427219926,0.00179289207029913,0.20000705614483044
0.00253396427219926,0.00179289207029913,0.20000716426386414
***,***,***
0.49300523697654136,0.35014919778004044,0.5047628560129983
0.49847138228431787,0.3547157757316127,0.5178582075222772
0.5288789535507087,0.3762304805752021,0.5674990292919205
0.5497577975214417,0.3910918207618828,0.6037553603975166
0.4679645457555722,0.3348450473007517,0.462458366914076
0.49240938997857253,0.3520837209889441,0.49917750475184025
0.4681406557454884,0.33590477674072816,0.46678813423587795
0.48901949971622144,0.35076611692740883,0.5027008926156994
0.4403007938635709,0.3179181514884822,0.44433079188251745
0.3951480882631881,0.2874475195510672,0.40156579372442236
0.31642938241053786,0.2332989738901416,0.33700347144422504
0.21109513906424532,0.1600130195195989,0.2252336393978648
0.17251709684051394,0.1349733879921187,0.19645875024216833
0.14300909750275936,0.1168082494010691,0.1838032400688417
0.10895733082136085,0.09254513149615452,0.13230766554372334
0.09732789401504961,0.08112515908818785,0.0864216492973967
0.09268284166891817,0.0766962367559337,0.07294713480394716
***,***,***
0.4993577218403133,0.3545847742179795,0.5135765085647395
0.5285766263559483,0.3753070345610651,0.5632248038026156
0.5438466314013536,0.38628995858561854,0.585942694956877
0.5710779602358584,0.40558687521023834,0.6309169479369431
0.5911841471682475,0.42002686070468964,0.6645769633723208
0.5951016673498809,0.42302411158763753,0.6692830388739675
0.6175851877837818,0.43904898608309656,0.7056290158331652
0.6187424752459411,0.4401995385553493,0.7046095795892876
0.6100143880865109,0.43464646148673863,0.6858080213534345
0.5999338160633086,0.42820790468385517,0.6691531176738438
0.5907897191914664,0.42228373780696987,0.6546810110660676
0.5770616320320362,0.41318056403469267,0.629668045081897
0.585432434882691,0.41937306697785104,0.6460383447407417
0.5687802968907708,0.4083301595611098,0.6214428729267737
0.5189781683589952,0.3739804282291327,0.5444121876572304
0.4964387479503208,0.35856950555002626,0.5148923511489988
0.42752390183529954,0.3108373059620819,0.4355873339904107
0.40620860399853254,0.29553151567240316,0.4120260444660598
0.40335433826317973,0.29267234127996694,0.4066656989530355
0.39399861014765475,0.28512413881193244,0.39212569610507925
0.36706146253793354,0.2660615211382961,0.357396165942108
0.33835938682528127,0.24659538828638164,0.3151038295299194
0.3102317001451722,0.22766003447710073,0.27629162563160853
0.29246751939341414,0.21577287483196247,0.2521100548090576
0.27351467189090034,0.20309327068632038,0.2289209836557058
0.25638558195650063,0.19174597502537527,0.2110482690544058
0.21393438997871767,0.16296454086796247,0.17068165267148674
0.1817582516083736,0.13947125735802784,0.13326321283835452
***,***,***
0.502296230922048,0.3566440735368483,0.520842911723631
0.5327038021884388,0.3781587783804377,0.5709987490073816
0.5627138583186037,0.3993884144803339,0.6199495659713827
0.5876688879603741,0.41711535759334906,0.6601484565700567
0.6155407156596624,0.4368981407669092,0.7073164026956295
0.6441257434094039,0.45715639064077174,0.7562123136305265
0.6715234761288736,0.4766017431887013,0.8041780945524899
0.695843257284267,0.49388512865792256,0.8476515662827152
0.7200261817292676,0.5111212470568454,0.8914508059801102
0.7432366194184653,0.5276236442566421,0.9332956303474915
0.7716248289290565,0.5477707406239469,0.9873672946875252
0.7878477224709378,0.5597875676925691,1.0347309540882785
0.8014092260027289,0.5699440474688947,1.0757079742422975
0.8107913810229155,0.5771960715186817,1.1056305515352438
0.8231463539038464,0.5865715230827618,1.143107351275785
0.8285395772893186,0.5910069466868697,1.1627333767411254
0.8354017083438124,0.5965120557938368,1.186309023768493
0.8441073371278717,0.6032926063740625,1.2138926202093638
0.8472971990098118,0.6061235017238814,1.227504660372424
0.8537994662903388,0.6112995240498181,1.2486234754453496
0.8630595452825213,0.6183572303334581,1.2755671276118956
0.8660498202572874,0.6203878420892558,1.2862612981487116
0.8641640073158094,0.6190863398188194,1.2867301024713458
0.8632277560544521,0.6184392459742151,1.2898459797589596
0.8581997185607555,0.6150016387067233,1.2834643842975462
0.8613274407163994,0.6171283705958039,1.2941979970323
0.8609015167759301,0.6168255848995345,1.2975985025849754
0.8579406305183567,0.6147215716448222,1.298814883991178
***,***,***
0.5025339642721991,0.35680256243694913,0.518636536748586
0.53294153553859,0.37831726728053844,0.5689799849447023
0.5628736401046784,0.39951499432392623,0.6187445239638016
0.5828515948221311,0.41377115350656885,0.6494241388266836
0.6051386123549215,0.4296158932475696,0.6855477695358868
0.6345952502207075,0.450496642490756,0.7369190163558453
0.6619968615980993,0.47000475676926107,0.7864943494905646
0.6900298428039463,0.4898936669609845,0.8366227648365127
0.7188473535254328,0.5102680968298013,0.8895100923024641
0.7359752514820393,0.5225814835603766,0.9198575749670053
0.7534475616485353,0.5351374199041382,0.9521732140989031
0.7640775723700308,0.5430360298940515,0.9747308007504027
0.7717331727736678,0.5489944342835622,0.9995683442917515
0.7699308235052563,0.5482553655819192,1.0006834646914078
0.7661835007252389,0.5460488544820243,0.9968959552162601
0.7616869978241335,0.5434308314413306,0.9927779364011566
0.7717004280713624,0.5511378441389471,1.0251986745831119
0.7862587624558256,0.5621178239573165,1.0694977654953948
0.7831607522388763,0.5605082393626358,1.0692669446523912
0.7748215557202104,0.5550857742600493,1.054904056453506
0.7570074916435243,0.5430302827531598,1.0203016812938799
0.750830489246957,0.5390875245964192,1.0108550317044571
0.7455896939644167,0.5359087064834063,1.006154530106716
0.728096202541614,0.5239809878490347,0.9737050891717753
0.7068919864719906,0.5094453773545898,0.936183566521561
0.7097743306949996,0.5119985786663996,0.9502245983879205
0.6981767461844073,0.5043089696855763,0.9338289417583782
0.6886301045345612,0.4980323168937876,0.9287221243978084
***,***,***
0.5025339642721991,0.35680256243694913,0.5193465339631362
0.53294153553859,0.37831726728053844,0.5695085887147696
0.5356703889694676,0.38052207366298246,0.5728078172142033
0.5609403940148728,0.3986051910948689,0.6148953491112932
0.5881717228493777,0.41790210771948877,0.6604722109228872
0.6009005762802553,0.4272071075092659,0.6840203757714871
0.6042976310229405,0.43006105827449004,0.6854983530432304
0.6303402931066897,0.44856553039860597,0.7327935338677619
0.629762196487115,0.44856879372689884,0.7278547513825109
0.6460570501702599,0.4602511270181875,0.7561281030805569
0.6531016200491734,0.4657696947528057,0.7717963147893199
0.6522713318302027,0.4654949035065928,0.7696010555777223
0.6365556689896424,0.4549663860158497,0.7401631677615164
0.6087148642469663,0.4360308406912718,0.6913178950591728
0.5802389686869319,0.41655543138250073,0.6415052665903008
0.575597347218717,0.41352298793312525,0.6356922439215447
0.5160474102863373,0.3723511177683208,0.5467750164167177
0.4973193231269071,0.359697847292377,0.5274787452397203
0.47359123596747693,0.3434944801127668,0.5039116588786305
0.4182151921985922,0.3031819113691009,0.43170211674737946
0.39993387991935625,0.28896111256530427,0.40983431590189695
0.38331006322537126,0.27766099573256414,0.381152536198697
0.35158226696529266,0.2561598144237033,0.33207160649315576
0.34920274580611355,0.2547581905904557,0.32892984243449847
0.29053811727434914,0.21493083480505762,0.25251067775849545
0.2624104305942402,0.19599548099577677,0.22033763100024695
0.26061859469616094,0.19503493167690833,0.2182966412434612
0.21190559330868355,0.1613502148504685,0.16741754698866787
***,***,***
0.5019598396217471,0.412368741439584,0.941469207172895
0.5302404015247891,0.43070740512964584,0.9907049405344617
0.5462854611795838,0.43912087339271705,1.0090171932152168
0.5486810994808033,0.4357544905558904,0.9877921620869674
0.5597619625537782,0.4412287754879123,0.9979365266199869
0.5569006586775356,0.4378542245575528,0.9810512228151286
0.5705958031022145,0.4486430670892083,1.0137155051406173
0.5836334809346393,0.4590812607716617,1.0442115923888573
0.5625467629497457,0.4395292793332839,0.9772067810869669
0.5616668097048024,0.43781095591609603,0.9681873038393028
0.5630740104040247,0.43804982986349295,0.960628408365064
0.564301298926925,0.4382096835608975,0.9546302010558113
0.582688744563652,0.45327578495477333,0.9978140452770202
0.6068790818529193,0.4733923937392479,1.0587764346565944
0.5558690779566582,0.42837128221862225,0.9106614855850051
0.5550966929224885,0.4269251595533037,0.902072111767857
0.513735815528131,0.3904471402545629,0.7975763103747504
0.48290319650809205,0.362696218176144,0.7256628042991515
0.40986929909540853,0.2988224833531146,0.4705218734724389
0.3822754678137528,0.2741807265987353,0.3879039595451257
0.3399202557838023,0.2368042275412132,0.30079099361979417
0.3056927545464712,0.20766104756585702,0.2518272586229446
0.29885634352322593,0.20298922759386984,0.23125694674577696
0.2867106836346303,0.193362424593402,0.21312719577846476
0.2774224808609154,0.18651503940127567,0.20029841237367757
0.2677078151490013,0.17915672904180394,0.17991266451603033
0.26024225487815283,0.1736922687081312,0.16513516696173733
0.22209317997528658,0.14571022405214876,0.12191807815550933
***,***,***
0.5049179812137338,0.41501793042195756,0.9480671339357508
0.561621908006252,0.45869574234167104,1.07527632209989
0.6194817586849137,0.5034013054206066,1.2054463391802637
0.6583093546959682,0.5322997787207188,1.2810022475985101
0.7087458931372499,0.5740294494345649,1.3858354171118943
0.734538622937281,0.5963566651571781,1.4285919049711822
0.7549815849330105,0.614055973168369,1.4539750504796876
0.7984866869201065,0.6515743335122188,1.485429676197013
0.8288394558932903,0.6778083023913243,1.4937873336245855
0.8743009093014619,0.7170977679726488,1.4978536009602563
0.9158308578077193,0.7532979517635174,1.498977863181243
0.9488204505964886,0.7824113411186614,1.4993814925879771
0.9714688273327067,0.8014985303046331,1.4996823326986513
0.9905941329780779,0.8172975198058143,1.4998467488319682
0.9937499726208961,0.8189806342819839,1.4998675700803747
0.9988782120404757,0.8217156953057597,1.49989660003041
***,***,***
0.5031157635078908,0.4133964925988059,0.9449613478706981
0.54050492560258,0.439672552959144,1.0157154378541762
0.5653940613712308,0.4552824064810356,1.0595122330550275
0.5902831971398819,0.4708922600029273,1.1050969266181023
0.6174972383980559,0.49193161062720364,1.1714194870134444
0.6405316518011794,0.5110204682524562,1.2335371314797277
0.6624101413181596,0.529081574718487,1.2928900059770874
0.6854445547212832,0.5481704323437397,1.3480915608185264
0.6933809825932015,0.5542259927900961,1.3671117728483577
0.71049856523066,0.5678435861685738,1.3990836942577098
0.714664682560575,0.5707135480133679,1.4061135810679928
0.7342313243052675,0.586719152160955,1.4398505521923024
0.742957480808335,0.5934958671622412,1.4500408404989216
0.7566072917873626,0.6040302070630533,1.4646688144622644
0.7666611654013062,0.6123016586108552,1.4742736811364994
0.7661104193212639,0.6107947403374289,1.4728399212328802
***,***,***
0.5008039157356033,0.41134099028036214,0.6286561299068271
0.5103099022777164,0.41374014419644595,0.6269771103402596
0.5453872166001182,0.43796070223834055,0.67390220838673
0.5804645309225199,0.46218126028023476,0.7224436016928619
0.5503508761306586,0.4328680560498309,0.6635666820386975
0.5344927735012212,0.4184913709549445,0.6345101757385954
0.5209465186440709,0.4061701881785017,0.6077460072157802
0.5281336020344568,0.41104465704182186,0.6194056532085331
0.5477002437791494,0.427050261189409,0.6583580135223333
0.5671982798563686,0.44288961111166325,0.6940865843462485
0.5466478760148831,0.42423566715455624,0.6579373353664666
0.5531345287112114,0.42876369933552194,0.6744507828459024
0.5349645783094863,0.41233151192219164,0.6452936415653974
0.5544626143867056,0.4281708618444458,0.6806014128825579
0.5762724982362123,0.4460657140851439,0.7180216456118496
0.5509061660858036,0.42306674452157034,0.6663173767857097
0.5727160499353104,0.44096159676226837,0.703339723621533
0.5859103677222518,0.4508146221862129,0.7271353368751369
0.6030279503597107,0.46443221556469066,0.7576794855987605
0.6248378342092172,0.4823270678053886,0.7952107349549071
0.6278334430252924,0.48386009491419923,0.8006291751421184
0.5887233369840037,0.4489366144007535,0.7303496011105229
0.5519250787150025,0.41606863620575146,0.6650234592824711
0.5231913297812155,0.3901424283142692,0.6185941900754341
0.5266851326307521,0.3921032816992742,0.6215580323427888
0.5206597543255219,0.38568509974068926,0.610835972839669
0.4847773264325668,0.35295289021348614,0.5605257204064359
0.42810811842525326,0.303075669822407,0.4928234469877496
***,***,***
0.5025339642721991,0.35680256243694913,0.34555628456984905
0.49239127065464794,0.3503905308190612,0.3327611149368005
0.5025237094790675,0.35794186743191203,0.34299788836647915
0.5329312807454584,0.3794565722755012,0.3759048745653604
0.5585841850088259,0.3978014991170752,0.40746256476746257
0.5866144227737052,0.4177313149596569,0.43997497284390497
0.5743695280966133,0.4094973757568337,0.4240016173492425
0.5597472999180098,0.39967854755300297,0.40749690407917216
0.5857899620017589,0.4181830196771189,0.4377276827400217
0.6161975332681496,0.4396977245207082,0.47211817892641755
0.6422401953518987,0.45820219664482414,0.5039876435933756
0.6440325736314163,0.45989261310127,0.5070879694917553
0.6394103454528128,0.4571739783047724,0.5037512568345831
0.6431902994134606,0.4602897384796838,0.5099754633613564
0.6644782944941865,0.47562443260178433,0.5415731282892005
0.6782582484548343,0.48584038618402886,0.562275340736292
0.69755866785443,0.4997497365876636,0.5927052184833842
0.7255889056193092,0.5196795524302453,0.6303869043816889
0.7471128839240462,0.5351287016482061,0.6572313247174382
0.7636473472186938,0.5470713706693974,0.6823962977675617
0.7745226594033615,0.5554260446098684,0.7059544151372442
0.7577866414921745,0.5447779425244462,0.6938090245235015
0.7697081507000458,0.5536935776152676,0.7136371158578179
0.7724424224268396,0.5560471830327801,0.7283009552280973
0.7567781502270418,0.5452249062921172,0.7083120821399804
0.7266862165741756,0.5247543607573142,0.6770399849144216
***,***,***
0.4906472967646412,0.34887811743191044,0.34391729263633675
0.47350819800080013,0.33869504225534525,0.3671770213143133
0.48014243425207503,0.3443608570888573,0.3954784001073398
0.3972876758010525,0.28813427577371503,0.3158685137190609
0.4276952470674436,0.3096489806173042,0.34619776984758993
0.4343294833187184,0.3153147954508165,0.37503309833638476
0.42444125173448766,0.3099656317273247,0.4039393763120382
0.4473602224711171,0.3264879362177398,0.43415377109382863
0.46588112622995,0.3400781960562907,0.4649557003925373
0.48440202998878307,0.3536684558948414,0.4966008943111358
0.5148096012551739,0.3751831607384309,0.5296612206353458
0.4415304924005071,0.3251397592921011,0.4446654691661699
0.4687286634398575,0.3445148639843301,0.4763842499620803
0.34328650905034,0.2555614179701945,0.287065054420017
0.3486269763813269,0.25996354713266556,0.305480123864869
0.2845806816033326,0.2154735954845105,0.2376433277934398
0.3149882528697236,0.23698830032810003,0.2613890711110315
0.1471663274156728,0.11531057811991519,0.10415401039119473
0.09454544573048888,0.07781411037896858,0.05293713977294103
0.0622090604504054,0.05135012466372938,0.02249686564185421
0.06625029089946183,0.05521494255602267,0.02802912495646578
0.04453930688703647,0.0355764829823058,0.0085164807151964
0.0118965367999528,0.0086661301715479,0.00037100235677326
0.01851822890389847,0.01372253279517117,0.00149692104343725
0.03246311806258273,0.02400605717080865,0.00356210946007258
0.01237078314203362,0.00900019850530457,0.0005894088751813
0.00253396427219926,0.00179289207029913,0.00000714333464479
0.00253396427219926,0.00179289207029913,0.00000725481621201
***,***,***
0.5025339642721991,0.35680256243694913,0.34528192822864057
0.4876366036516248,0.3472207528170458,0.3313532842107463
0.4474343111440849,0.32074281554831574,0.2981131048620005
0.46833254840442934,0.33591796438787425,0.32757815619616665
0.4581898547868781,0.32950593276998635,0.3159838498401902
0.4885974260532691,0.3510206376135758,0.3472735642298856
***,***,***
0.5025339642721991,0.35680256243694913,0.3459897687763956
0.44288193664860165,0.31565020118569836,0.28012459752294494
0.4685348409119695,0.3339951280272725,0.31139846148521
0.4441281462853487,0.3180737624033383,0.2963847221103424
0.42923078566477424,0.308491952783435,0.2843334060942363
0.45963835693116534,0.3300066576270245,0.31557378167023414
0.485291261194533,0.34835158446859843,0.34617060332965177
0.46244359784943784,0.3330683999748324,0.3233332645011639
0.48334183510978257,0.34824354881439096,0.3525774428351126
0.5137494063761735,0.3697582536579803,0.38494574921112923
***,***,***
0.5025339642721991,0.35680256243694913,0.34431795365253987
0.47239127065464803,0.33619014400439534,0.3060436414215598
***,***,***
0.5025339642721991,0.35680256243694913,0.3461996891441257
0.53294153553859,0.37831726728053844,0.3796388814765093
0.5585944398019576,0.3966621941221123,0.41139828478880297
0.5036970791813831,0.35867961087287686,0.3459076497825627
0.5293499834447506,0.37702453771445077,0.3776116958616946
0.5550028877081181,0.3953694645560246,0.4092779142407865
0.5806557919714858,0.4137143913975985,0.4412278181266375
0.5995664535506999,0.4274641965186912,0.4696334597095751
0.6046690929301253,0.4320827737134539,0.48148412602507845
0.6255673301904698,0.4472579225530123,0.513872529024201
0.5881321290048227,0.42252441956783193,0.47576378366855404
0.6165521245900835,0.4426137806929556,0.508543526828561
0.5969000969664856,0.4298621930710367,0.4934114332869506
0.6110560915426765,0.44044222019011386,0.5227099463889715
0.632733844443784,0.4559364595947564,0.5530317746166384
0.5958489081420792,0.43072891944172126,0.5095851212058377
0.5510399210078846,0.4000315489405558,0.4585638826610136
0.5612207642218151,0.4077608886227017,0.4835399677826866
0.44124772247109595,0.32527453182824656,0.3560329612533503
0.44269874731974357,0.32698340607144577,0.37495450455291934
0.4159021845044189,0.3090610786664808,0.35664190698572834
0.35028742983743083,0.26363268625983294,0.3044396537809696
0.27070323931021795,0.20827782280123067,0.25243672728684036
0.21637819358625748,0.16811507904496367,0.21461511204188133
0.2189847904581192,0.16993475782062512,0.22671871394105592
0.18493329260243474,0.14641492789294622,0.18203702741162822
0.16833562610395209,0.13535375420474915,0.1613750158392428
0.1261152142724641,0.10601152602612457,0.11752287807199722
***,***,***
***,***,***
0.5031157635078908,0.4133964925988059,0.6291244287126266
0.5266338389688555,0.4273395390484813,0.6670145544565346
0.4740228957593914,0.3780542263828644,0.567958612927665
0.42603564809450206,0.33287991835413466,0.4839412100766567
0.4226720959741875,0.32471316063446176,0.46862389024965295
0.3970355533207424,0.2998477097395666,0.43100754277516445
0.41660219506543505,0.31585331388715365,0.4611035263624621
0.4315451412655529,0.3277479133978532,0.4915861265491479
0.44648808746567054,0.33964251290855274,0.5239669413560094
0.4316855538473239,0.32613756382313125,0.5020245648437673
0.40987887124464156,0.3062998535570457,0.4759250256557683
0.4294455129893342,0.3223054577046328,0.508854733052438
0.3831877073176371,0.28273022159512745,0.43348400361027256
0.33317809304679646,0.24113584820759013,0.3678670430721565
0.34728813590560503,0.2528689321806517,0.3901134023583863
0.3228899281825792,0.23289414396487967,0.35136786875072695
0.3376956630477506,0.24445623502491357,0.3721124080030921
0.3292274385813861,0.23673818539857425,0.36539313752506475
0.3413488964123403,0.24628738722806237,0.3824963236082686
0.3008475221928952,0.21171220377064137,0.2938950838839691
0.25899763328876635,0.17670358132468827,0.18787802486211566
0.17886059254654385,0.10826731007516588,0.08990395776046255
0.1801545744131507,0.11086712572265453,0.08347606310699275
0.15937111875145607,0.09516578842987992,0.07269701083698633
0.16427571843765243,0.09896955326460576,0.07796981916154229
0.14940384412868035,0.08960003854131247,0.06480674064190718
0.14313666849183454,0.08643982638849987,0.06343180267299765
0.14248868664627345,0.08583465567288717,0.05811534540543885
***,***,***
0.5021494876695295,0.4212677762171541,0.20521258328233277
0.4688952382048997,0.3918629170984492,0.18214602745135777
0.47004610974236255,0.38868161059819717,0.19479321387126347
0.48762563494442057,0.4019289577625403,0.2140946487608388
0.496990833314181,0.4069619780945858,0.23170309414482873
0.49814170485164383,0.40378067159433373,0.2478672931139917
0.4766731285547161,0.38294065777869507,0.2400358062543425
0.48603832692447657,0.38797367811074057,0.2596378042695559
0.5036178521265345,0.40122102527508374,0.2814586120593998
0.4293748624192218,0.33617629418143946,0.233111692772
0.35707251145560587,0.2726840740827528,0.19165161180886944
0.32710399272389484,0.2465649456969669,0.17659690156620983
0.3119212622903195,0.23523160560931664,0.16288234427208317
0.3192028299064335,0.24314173570671976,0.16251458702364271
0.3223772341063986,0.2469447023879741,0.16226974396231678
0.3481710861407543,0.26840637638461484,0.18066188503841324
0.36575061134281245,0.281653723548958,0.1995862911683454
0.3264607174930883,0.24943404790979487,0.1721952900577313
0.3358758364228476,0.25717703930572366,0.1844632680347255
0.3575625250410545,0.27453154988621564,0.20303179889837708
0.3833563770754102,0.29599322388285637,0.22205654249364334
0.3793099841122011,0.2908067134865937,0.23254015482387835
0.39410662230327775,0.30180318374073223,0.24980528514846478
0.38225954316262034,0.2964655454498844,0.2298012259520188
0.3857434179928138,0.2979214475736677,0.24102910603544386
0.3982600128948467,0.30770189474031623,0.255068790804322
0.39277324598795127,0.30638808077576585,0.24388559886329744
0.39840282990654197,0.3105217020887232,0.25581307294073574
***,***,***
0.5036372672973762,0.27896693188592736,0.1083646498213782
0.5472844748658887,0.3009041599453742,0.12134148013583204
0.5909316824344013,0.3228413880048212,0.1357545437278688
0.6345788900029139,0.34477861606426824,0.15160384059749082
0.6085693203119916,0.3289526885235955,0.13624342169888548
0.5756620525786148,0.3099078352297773,0.12043092856213351
0.5427547848452382,0.2908629819359592,0.10586017328514366
0.5588112002439356,0.2999245069828257,0.11405617460699316
0.5095827047998677,0.27151086090877935,0.09321283787764598
0.4929966647771823,0.26183480039518947,0.08735574524526381
0.50158152766246,0.26641339393400415,0.09270441379187422
0.44986251471391886,0.23650543735727392,0.07447029555747618
0.4634284126081429,0.2440726519014565,0.08054891510555486
0.47699431050236696,0.251639866445639,0.08698056664170736
0.45791775297520837,0.24046949542936524,0.0812606754217086
0.4551624231587414,0.23866791719331973,0.08170543184325144
0.4197646379208917,0.21812875339681778,0.07106850525372432
0.4358210533195891,0.22719027844368436,0.07745293040602834
0.4060933644326119,0.20984120053461253,0.06975083725099207
0.4081074028857436,0.21058328537568638,0.0734044362774085
0.41918278327549463,0.21665618941718512,0.07923020939922984
0.4220975498098999,0.21804469706856972,0.08256715493448301
0.3735581157077582,0.18983251587658584,0.07037044911137805
0.309253651305238,0.15279723227365472,0.05595963035832406
0.30705451889908153,0.15154134440688885,0.05509056045188955
0.3177853686178695,0.15751351600735639,0.05884246859639153
0.3194548764000382,0.15815486840739904,0.06201735795991593
0.2611505427906948,0.12770300896637835,0.0369370521452513
***,***,***
0.5038517511494972,0.35965210501304273,0.28087524683528187
0.5474872688776148,0.38468033359884557,0.3128034138907442
0.5937082826715837,0.4122940582505001,0.3471690016554431
0.6347583043338497,0.43473679077045135,0.38364848045941374
0.5821209543974387,0.3920546438304264,0.32986066777774964
0.57637531410283,0.38806506277396,0.3229858824963677
0.5896843605439317,0.3975620068573682,0.34209363110631463
0.6029934069850332,0.40705895094077615,0.36176594521254546
0.6163024534261349,0.4165558950241841,0.38217314595389956
0.6053858209998231,0.40739532183601457,0.37473413890714075
0.6123105089933429,0.4109932539981923,0.3942180417830208
0.6282050515002963,0.4230756941474521,0.41595964665141866
0.5898570045979984,0.39395024643736476,0.3744010874703166
0.5455592421002632,0.3618504440531171,0.3289959395736782
0.5323030851257056,0.3540836162937359,0.3103921988066169
0.49907026749401023,0.3316665945056855,0.2781344556112626
0.4831288282811107,0.322185177560665,0.26313717968408945
0.4952245084063338,0.330954101854546,0.27864322122520446
0.5013767619806021,0.33731418235431165,0.2913440066071387
0.4626319462495927,0.31187517686187227,0.26411508590540694
0.47057909311974366,0.3187112681508459,0.27747757673850004
0.48726738291891153,0.3323629367042234,0.2907141869195027
0.48580765656222374,0.3316403977936721,0.28670870722985603
0.49747428409705646,0.341225276694625,0.3006781994817623
0.49088811300709445,0.3374037412360604,0.2851023982218708
0.49832741953512044,0.3433509133555599,0.2849399765384305
0.48326211409719366,0.33215880177393575,0.26521500180736235
0.47815582505270837,0.3302667544803207,0.2642205239124419
***,***,***
0.5038517511494972,0.35965210501304273,0.3653370811023128
0.53973078068006,0.37692384540129076,0.42511764049247147
0.5502708307129058,0.37639745945894065,0.45084570069277263
0.5433963768116032,0.3641625311307591,0.4510763008106837
0.550511378279049,0.36341672042634304,0.4703131604176676
***,***,***
0.5057985894013964,0.492062595730222,0.9551151247676238
***,***,***
***,***,***
0.5116763693409554,0.7636555059458378,0.956453459121483
***,***,***
0.5116763693409554,0.954569382432297,0.9547541969299982
***,***,***
0.5116763693409554,0.6109244047566702,0.9566787792390492
***,***,***
0.5116763693409554,0.6109244047566702,0.47811238873125067
0.5533583542394339,0.7163882908417728,0.48520929129450185
0.6782781171764082,0.9092504760341158,0.4873542308703237
0.7499592315503043,0.9898022431972487,0.483092705847984
0.7607501062208285,0.9991329357080099,0.4812945503254473
0.7560326607444652,0.9970106227350304,0.47939711960037545
0.7689115753746277,1.009181123795058,0.48069181103168585
0.7817904900047906,1.0213516248550856,0.4817909572177193
0.7734224967485147,1.0168401943008405,0.4816011685073349
0.7839512142562163,1.0257786812735707,0.48222896025344664
0.7928275580345124,1.0324434442791783,0.4825345491761124
0.7824544673260106,1.0251068630837221,0.4820352260730046
0.7598410821684761,1.0028380967882569,0.48168112593289225
0.7592437472000398,1.0027288417435594,0.48154547259228175
0.7621323885194617,1.0109896279966253,0.48080317369055936
0.7142053324839046,0.9702090125146838,0.4795196681521174
0.7232421716907597,0.9831343397728656,0.47868886644513226
0.7262371997070212,0.9853538782512955,0.47915903792192616
0.7327927383796112,0.9901786860246404,0.47973457309053696
***,***,***
0.5105188015240923,0.3050204740538478,0.4773016242890752
0.631573427681499,0.4084984462626158,0.4870248436190554
0.7331696975434072,0.4879749528475782,0.4852473968449091
0.7339602856439779,0.49123086123048965,0.48266948450515573
0.7450855002643819,0.4963239336876405,0.4804251644575954
0.7771388275018907,0.5086266633074055,0.4809748878565005
0.8025732129019749,0.5182263484948327,0.482056584225545
0.8151610370118222,0.5239199784101239,0.4828170897258123
0.8222979457283288,0.5269509648571535,0.48310092128015103
0.828656459319202,0.5294200853507579,0.4832412610236276
0.8070454957393559,0.5216178465593238,0.48247493908177014
0.7853353050132037,0.5137606975241796,0.4816071048194138
0.7915945914577704,0.5161749077740739,0.4817826187579602
0.7955988257471787,0.5176590291399542,0.48205433667656805
0.7985130443058165,0.5187913692138879,0.48229309782078966
0.8010428957256034,0.5197397309141542,0.4825632873015985
0.802638438080269,0.5203389642128682,0.48282712668108635
0.8004971654260943,0.5195543971388573,0.4830812213270409
0.7772172525089117,0.5111181330397856,0.48248495417259185
0.7761462121102685,0.5107428381801913,0.4827742830065598
0.7617039788480741,0.5055261942139943,0.48249416422493835
0.7604744443588964,0.5050871143608447,0.4828202437792048
0.7467019480825376,0.5000749674418463,0.4827638311382589
0.7452320169321162,0.4995431264856843,0.4826747429474866
0.7443210200261708,0.49921596374822996,0.48290029866276285
0.744574501739139,0.4992688742714895,0.48266650646637316
0.7394907582479106,0.4960037430883227,0.48289043621396116
0.7321483591969762,0.49513934510215085,0.48206578850435255
***,***,***
0.5093612337072291,0.3045787457293605,0.4776021498342611
0.6139395499964267,0.40034924765174024,0.48730924470489506
0.6600024753444785,0.45326593199747706,0.48617328604123894
0.7080799221371954,0.4836538132094564,0.48241659509601686
0.7371288680517487,0.4961444993556865,0.48075582277479234
0.75205078856565,0.502431454462672,0.4816767105523961
0.7380305263618828,0.4979493041651933,0.4808377442015069
0.7526547654368652,0.5040715285410489,0.4818288866002666
0.738832957525711,0.49969919873099006,0.4810419732664617
0.7180643185284592,0.4923212894914652,0.47928887976731355
0.727339145900723,0.49547493124360614,0.4794213989527559
0.7199400841009895,0.49271326620847594,0.47861792390960867
0.7303551981318591,0.4961247013808251,0.47907710580029367
0.7118401038470835,0.48947240842436324,0.4780737985831713
0.7193565409417474,0.49182632051842795,0.47865687214307556
0.720135033227146,0.49171237314143995,0.47898400912310496
0.7083024776129382,0.4873007379913159,0.47858599676440605
0.7070285322536095,0.48516166041979963,0.4788964425828085
0.7040946146732402,0.4857692125801153,0.4776653500226337
0.6926096140651997,0.4820623508838132,0.4761527117991889
0.6993370374419122,0.48423515333687966,0.47686469512291024
0.697666319429107,0.48368452090988345,0.47656536644124353
0.6962224069465068,0.4831993522345031,0.47635161776049795
0.6926375228959315,0.48050365059355193,0.4767493354894145
0.6986738280031827,0.484004170293188,0.47671512218087075
0.6986323163130049,0.4839489810700008,0.47677821990811325
0.7000079028884755,0.4844330130088757,0.47695423678204385
0.6889929027901189,0.4809672341195232,0.47699065520212547
***,***,***
0.5070745363957724,0.30109579147344095,0.47739096622300564
0.5919689731450416,0.362291033502408,0.48732762498147314
***,***,***
0.502472703450589,0.2967293805685467,0.47528182490832505
0.5295596487918094,0.30312096134624306,0.48385659342465775
0.5540610980671777,0.3071058117313986,0.49020162162152847
0.581148043408398,0.3134973925090949,0.4940557991700519
0.5874292573337452,0.3135231358506099,0.4959525224322794
0.586775227453801,0.31142693338006416,0.4972031772460398
0.5861211975738566,0.30933073090951846,0.498120372181382
0.582881671628061,0.30482779804643195,0.49883995172112233
0.525399556273014,0.2650601116300399,0.498108759590913
0.5247455263930703,0.2629639091594943,0.49880961094836995
0.5000245810798077,0.24614411398812994,0.4978469692618356
0.5022939785893479,0.2474611174861511,0.4984837527353237
0.5045633760988878,0.24877812098417215,0.4989909031957779
0.4629321684625831,0.22445729249905064,0.4954363323142386
0.42251432714215714,0.20057402667342777,0.4825589962842518
0.4013988211535841,0.19011788664820045,0.472199952104578
0.4012414860313674,0.1905597648272242,0.47506766513716425
0.38310768591117106,0.1814268756966202,0.4604364418132005
0.3817369844730759,0.1814311912161452,0.46303603937489163
0.3388924105208931,0.15667280007152498,0.4200412344130781
0.2780713715707306,0.12233964161727708,0.34400668903182824
0.2788334947521496,0.12311688440241035,0.34856119196152746
0.28110289226168966,0.12443388790043138,0.3550295329417312
0.2391901310916337,0.10358869297921344,0.3137999866796112
0.2095104908249776,0.0846145242215167,0.26790584357946823
0.19787142887090273,0.07062039860855569,0.2617392127837436
0.20114418053750044,0.07242711594146675,0.26314568938244953
0.18417609114921638,0.05632817287350497,0.25814753401649093
***,***,***
0.5033930700396257,0.2976026627495256,0.4752980870984636
0.5135999388857171,0.29708672749150666,0.4795312312080786
0.5517312832953766,0.313957694440949,0.4877014094200774
0.5288426844461965,0.29124139619038714,0.48687427366559016
0.5572646875284489,0.3051416390029449,0.49172049520531746
0.5702405527827957,0.315931553096686,0.49349889298335853
0.5768320595895611,0.32147044374584677,0.494740571132211
0.5304339416645043,0.2922023614305563,0.4943065444118171
0.54095784585975,0.3006592013419081,0.49562543833368267
0.5429663838229659,0.30460517825287803,0.49629803465692496
0.4964799255700048,0.275732742627237,0.4959027921960569
0.4923158460128875,0.27684026671985074,0.495738522648253
0.4641546365964077,0.2648845336384945,0.49397215521138427
0.4756182985183677,0.2742303124491471,0.49623502793706603
0.44061403073610533,0.25693014475315695,0.4943167051235732
0.4042430805523428,0.23922320554878185,0.49077298800153296
0.39625055383514884,0.23812807897400146,0.49139082507587967
0.38872755918363827,0.23818889349712466,0.49216531864633295
0.37593256285051896,0.23225307711082707,0.4917749729601507
0.36571057752403824,0.2267675207153591,0.4913100795868741
0.372502390968287,0.23435383557136014,0.49486631490864236
0.3784219139425345,0.24164074887867956,0.4974745142653369
0.3644485138634812,0.23187581427444895,0.4964379093027482
0.3664982567006904,0.23520609033096965,0.4975123792546152
0.350271946987645,0.22341288710169424,0.49584598382976985
0.3364557247040836,0.21375057229977024,0.4935349304619216
0.34589137522077507,0.22132936979242285,0.4964417720237208
0.3522044454326894,0.2284638944642524,0.49835854800413026
***,***,***
0.504498390954325,0.3864470276260219,0.49745031462164385
0.5131026726466463,0.39727314496757604,0.499722791716738
0.46131690768924066,0.3607832238836275,0.5
0.4606737982924125,0.3667127828696122,0.5
0.5089308921326197,0.408629558033801,0.5
0.5358416721453734,0.4414743126417802,0.5
0.5719998432472768,0.4792156256053289,0.5
0.5390022347489943,0.46050688988810085,0.5
0.5797841013954725,0.5006964820294344,0.5
0.5729889404900469,0.5011538918574256,0.5
0.5638184579396451,0.500865395941264,0.5
0.6002145825558692,0.5375321928800628,0.5
0.5798891887801869,0.5261903871677291,0.5
0.6113155515318677,0.5589816474961824,0.5
0.6463599287087078,0.5944391066191081,0.5
0.6154288763855584,0.5729302151861138,0.5
0.6294816540723255,0.5875878683418178,0.5
0.6090123808880343,0.5699120610620624,0.5
0.6135528741957164,0.5785932107098329,0.5
0.6242503037188077,0.5859965202358455,0.5
0.6183822769226707,0.5828684004337156,0.5
0.611614214327048,0.576843166123712,0.5
0.6188700063644117,0.5837567010200762,0.5
0.6174931435014287,0.583277118583976,0.5
0.6169163647753194,0.581570971255101,0.5
0.620769850749726,0.5830673917833704,0.5
0.6293253323696767,0.5880808108483517,0.5
0.5985161466195057,0.5638953100070327,0.5
***,***,***
0.504498390954325,0.3864470276260219,0.8610658352997179
0.5131026726466463,0.39727314496757593,0.9025131041816529
0.557835973009397,0.4371212284267653,0.9734125151123711
0.6071929689167223,0.47941759106373955,0.9956139257569575
0.6391632984382214,0.5140084480465318,0.9996674332483341
***,***,***
0.504498390954325,0.3864470276260219,0.5357502996770582
0.5538553868616501,0.4287433902629959,0.6235720472841194
0.6032123827689753,0.47103975289997,0.7206012322558755
0.6571930742208756,0.5157843947147288,0.8218411301282065
0.6966509515241344,0.5546644700966337,0.9040522504051172
***,***,***
0.504498390954325,0.3864470276260219,0.4134006296548191
0.5584790824062249,0.4311916694407807,0.4729541630520217
0.6032123827689753,0.47103975289997,0.539821167298606
0.6433219875871511,0.5084395571813746,0.6136326910970135
0.6874035604349847,0.5497679117410642,0.6885288506603499
0.7235617315368883,0.587509224704613,0.7659324359311039
0.7207270317311774,0.5943876323291982,0.7922540383886258
0.747637811743931,0.6272323869371771,0.8664244761698593
0.7377989629538848,0.6290065110244554,0.8847293176887151
0.7327855248409298,0.6282225150374774,0.8919466944520443
0.6850287007047101,0.5941989699068518,0.8488366079834637
0.7016098478238861,0.6154534891166695,0.8959647996826215
0.7062717106375959,0.6171908155858796,0.8991050722993167
0.7096291086619598,0.6184846409014504,0.9019636020772266
0.6882544344084724,0.604340143603534,0.8796828881708667
0.6903972916042832,0.611113350520251,0.8909519167434838
0.6949423504511352,0.6127801287078989,0.8940319306445915
0.7025439335902015,0.615948632272618,0.8974237757560853
0.6949949699097686,0.6127450050018026,0.8938065918325261
0.6878936009428586,0.6101561008007814,0.8899876529746902
0.6920882478891368,0.6116112341437425,0.8930489733434102
0.6730206323225373,0.6005225664642899,0.8750926143421952
0.6093302466607645,0.5516828650210587,0.7841379687144723
0.5596476576550521,0.513294977575667,0.7100469969157159
0.5345173549677136,0.49144820280393703,0.6642029827626668
0.4619583213039919,0.42862972504752755,0.5506209759124867
0.44820230705035613,0.41801486723491293,0.5348711083159973
0.3729083102731497,0.3468926547371268,0.42638460574140535
***,***,***
0.5020211799824237,0.2517396034955492,0.20244358550190378
0.5262753397715065,0.26353133854221245,0.21772668790488042
0.5505294995605896,0.2753230735888757,0.23369754267282
0.48947872746270743,0.2450571672126009,0.1863838418341562
0.45891862135877926,0.23034075938118492,0.17126071755633504
0.47366344714181635,0.23762143626004098,0.18350268254418511
0.4173673420469577,0.20961105896767004,0.14339174673837962
0.43686683483301825,0.21914726493042988,0.15555133246375355
0.4563663276190784,0.22868347089318974,0.16823595560305443
0.44007022252421973,0.2207336503134848,0.15736147315022952
0.4575821396291496,0.22921032533104302,0.16882540252339154
0.4097891248471144,0.20565963728199613,0.14164608868505374
0.42453395063015137,0.21294031416085213,0.15294388506202425
0.43530362505092807,0.21810192914930504,0.16221780155277532
0.44411197568260513,0.22245913803642658,0.17083727589792266
0.4402153565867385,0.22032269405883828,0.17402966447268411
0.45020551536675224,0.22534784185379056,0.18567951047484632
0.3339381848682845,0.1680423208851062,0.12268478177194388
0.35620476897623776,0.17877452498656812,0.13343125763221897
0.33316642119722567,0.16750964437775795,0.12505461744481924
0.23413199937686502,0.11903840362670447,0.09083899718809696
0.24371986564930506,0.1235320797073267,0.09750444120518494
0.25134640813264547,0.12722134968661758,0.1038902397940582
0.2549977992537256,0.1287915577755054,0.11026932192621418
0.20738674389352915,0.10617964019964768,0.09702740503508794
0.21912832102356922,0.11211447535753337,0.1051493636625381
0.16112427184706613,0.08533453495332712,0.08467663677857822
0.13494168934081976,0.07371283654330808,0.06801911314178757
***,***,***
0.5007486344235931,0.24043932028476117,0.09720956073092225
0.4542554923431296,0.216117258030513,0.09134850214906104
0.463239105426247,0.22006984408314265,0.09704931082308273
0.38397154993539834,0.1800936079133036,0.08100973332739729
0.32569273468723253,0.15070795129771014,0.06968817607621795
0.26317614859420285,0.11749150488393471,0.06546957199268856
0.2238169343152094,0.09815088869418657,0.05511477401606153
0.23062106331605284,0.1008043164407705,0.05948748854491653
0.23860147506234006,0.10413607171019729,0.06403990713610049
0.2446062146736423,0.10633025772160248,0.06877295417197236
0.2470387037743495,0.10758425513417903,0.07074565522485965
0.25403127945314424,0.11034722577459502,0.0757042975807832
0.2634106226311285,0.11448265408058461,0.08084161903107813
0.2680164308107337,0.11587316705542694,0.08616050684724583
0.2492065063450696,0.10822626417126188,0.07396413397738738
0.25699847141340554,0.11144847654685659,0.07903656176615624
0.2620516360581372,0.11337496214513394,0.08348846782029853
0.24151354857522933,0.10501165219258754,0.0708145520253976
0.2489648813885845,0.10831586299640117,0.07501761302731502
0.21684096808535971,0.09500376911630425,0.05705450552530793
0.22204631830712082,0.09673871339253068,0.06144701421957641
0.18441074345923786,0.08164994587146661,0.04301567973677453
0.15818394842315472,0.07140568692408367,0.03289308013405937
0.14947919587830535,0.06841232308872827,0.02976782223286623
0.13389154951973228,0.0624123539479913,0.02571124248119261
0.08471442968787295,0.04154489830896835,0.01321551416352756
0.07597019728077198,0.03703566581411864,0.01043258246372979
0.06325349009138033,0.03121651299509693,0.00718884696241776
***,***,***
0.5007486344235931,0.24043932028476117,0.09748594081387563
0.5097322475067104,0.24439190633739083,0.1033657029638518
0.5022872069252325,0.2392628860636142,0.10931425878969714
0.51127082000835,0.24321547211624386,0.11556605219469017
0.42477767792788634,0.19968461481289887,0.09352807052534785
0.3782845358474229,0.17536255255865074,0.08838610565899827
0.3282200474315548,0.15051769910626034,0.07625692267564045
0.3372036605146724,0.15447028515889008,0.08148267387788857
0.24067521519302407,0.10481179094693015,0.06345273127525365
0.241774794878421,0.10418547519825125,0.0682319871946563
0.24893329034090936,0.10704758045635171,0.0731868296334184
0.21913708209708416,0.09479632494602015,0.05577062014268599
0.22494197436100113,0.09687570052363062,0.06024478726871898
0.1795529617002053,0.07837021745963108,0.03722565422818128
0.18317313421579026,0.08030780993501314,0.0387250481937222
0.15841559240977574,0.07035352832640855,0.02919963881957153
0.14644296050839006,0.06603689324812267,0.02512063556391831
0.12689037555574473,0.05795695952481433,0.0193455740627073
0.09532067606155008,0.04496835359002863,0.0119119800063564
0.10471141990896837,0.04910904943598088,0.01357035330792098
0.1141021637563867,0.05324974528193313,0.01540766328987894
0.12349290760380505,0.05739044112788538,0.01742594408564376
0.10566564018845612,0.04943268417374529,0.01522214239069683
0.1060179333475049,0.05004700540619689,0.01630999301973849
0.07589260353415335,0.03721739644061699,0.01056087621079201
0.07723709146240418,0.03796698113975325,0.01174349324677312
0.07885326653256743,0.03874693716510489,0.01242367012151513
0.06069344956546547,0.02985081430724842,0.00768827582707488
***,***,***
0.5033930700396257,0.2976026627495256,0.18029372496191226
0.5389389183834338,0.31206689930642706,0.2086768073973472
0.5117312832953768,0.29027799940326665,0.18865169476208715
0.4993526560756165,0.275515486233866,0.18623711653298597
0.5095595249217079,0.2749995509758471,0.19970193081088145
0.5239224389371134,0.28621385423200046,0.21657799409520906
0.5317273120597571,0.29219030754066,0.23286571222825156
0.5395321851824009,0.2981667608493195,0.24897701876848252
0.5388955982950091,0.2996713150533945,0.25972377215932213
0.543233598335286,0.3029869520075858,0.2742054440227913
0.5550304051341983,0.3133580494082699,0.2886454078108894
0.5655543093294441,0.3218148893196215,0.3041066291922258
0.5723785782892661,0.3274823464226437,0.3190041620445407
0.5678537012845297,0.32666859076751337,0.3280138026778448
0.5720748995781264,0.3334177640671162,0.33834839360026414
0.5803961450762238,0.34138725189187413,0.3531183304868125
0.5728232917699477,0.3406899095822867,0.35014492757222615
0.5535916491012828,0.33292665246601283,0.3361758809867883
0.5410879211897808,0.3300472800486374,0.3320419309150802
0.5471103018237419,0.33743841211451703,0.3455334345374009
0.5250174265844563,0.32856484242135414,0.3326678786477504
0.5287536665132813,0.3352138383727393,0.3457119972663791
0.4948044147708226,0.31984801763683646,0.32859823922585785
0.45641578357616547,0.3018287010825886,0.310643818748216
0.4246932437306275,0.2847682659664915,0.29404851850113506
0.407542385094314,0.2728289073556762,0.2794263745516911
0.400221579675492,0.2691952935769936,0.27604277832504726
0.4032330180517562,0.2736216064372412,0.28713438559844107
***,***,***
0.4998746954097502,0.38399874844823717,0.41586106597348377
0.5538553868616504,0.42874339026299596,0.47537380949882185
0.5364369017921896,0.420657240333608,0.4777314620683156
0.585793897699515,0.46295360297058213,0.5461881750097328
0.6177642272210141,0.49754445995337443,0.6163090495877197
0.6354276161446183,0.5254926562057841,0.6884030913482615
0.5914889074091119,0.500519999967515,0.6624095228257021
0.575300709471846,0.4953041211301256,0.6630597210706878
0.5515597128846365,0.4825306557402618,0.6395964554116761
0.571092756390669,0.5054731515660758,0.6864299203908306
0.6073968299887289,0.5436469688951366,0.7662171956332819
0.6324836551935944,0.5708177427391073,0.8204393209767501
0.6455344011954576,0.5889699389609125,0.8595774035469262
0.6562326091875359,0.5981554324076678,0.8757766494830512
0.6587723794438944,0.5989554197523034,0.87831366846504
0.6663739625829608,0.6021239233170227,0.8811444248172539
0.6679793011044561,0.6023595244091611,0.8838028987664892
0.6745388994705033,0.6051460254698153,0.8861352663609325
0.6769907378426149,0.6057958666193382,0.8883726212936868
0.6835503362086621,0.6085823676799926,0.8908401881996728
0.684464101857712,0.6086476111127521,0.8929567604551617
0.6731947937987247,0.6045306968954707,0.8865877331972613
0.6773894407450032,0.6059858302384319,0.8895066468990669
0.6615147745913849,0.5961369062740675,0.8723114620025579
0.6468673167979992,0.5868766765678056,0.8569500207035015
0.5952076015990723,0.5476380207187952,0.7858752340388403
0.5338132051332601,0.49447615151322266,0.6751159893172989
0.5408094214171262,0.502316667510769,0.6913943973654643
***,***,***
***,***,***
***,***,***
0.5011941793985296,0.42757942514560415,0.6458548893255752
0.5155243321808863,0.4418825349091584,0.6875933779497433
0.5298544849632427,0.45618564467271294,0.7295769050272434
0.5441846377455996,0.4704887544362674,0.7707605804412149
0.47546969776722686,0.41327180741525615,0.6581698091840075
***,***,***
***,***,***
0.5019124227287378,0.2930576203260796,0.20913698192637745
0.4966508507277448,0.29160980787617224,0.2106439294882739
0.4900259394279148,0.29134464362290013,0.22452196151892165
0.5129750121727698,0.3051735053111066,0.24666284503487992
0.5295650612053652,0.3164289756525732,0.26652010336941506
***,***,***
0.5012245172319921,0.31458667633119936,0.01076749954975812
0.5159187240158987,0.32181337658851505,0.01156090514607379
***,***,***
0.5211196644198434,0.3022057611051138,0.9981720082814802
0.7272861302070885,0.457030319532338,0.9980379714047223
***,***,***
0.5019005231833426,0.2900849659591834,0.7703405375510387
0.45649615663760584,0.26541653912771257,0.6843074620588014
0.47441823870880556,0.27622932480696893,0.7485924114932289
